{"epsilon": 0.14099241071941043, "lowest": 1.2673906087875366, "score": -75.07431084066118, "_step": 8356, "_runtime": 69439, "_timestamp": 1601655567}