{"criticLoss": 448.62467658519745, "actorLoss": 12386.750045776367, "alphaLoss": 23.267948001623154, "reward": -437.6401853828775, "lowest": 3.3962027938638983, "_step": 1623, "_runtime": 8549, "_timestamp": 1605499393}