{"reward": -91.09721148014069, "initial": 0.9258582592010498, "lowest": 0.7098293900489807, "epsilon": 1.0, "_step": 9, "_runtime": 29, "_timestamp": 1605797110}