{"valueLoss": 0, "actorLoss": 0, "criticLoss": 0, "reward": -243.81535019542892, "lowest": 0.7304880489531453, "_step": 1, "_runtime": 9, "_timestamp": 1605473848}