{
  "maxReward500": -166.27965539693832,
  "minTSCS500": 0.6436721086502075,
  "minEpsilon500": 0.6771460000000102,
  "maxReward1000": -163.93905740976334,
  "minTSCS1000": 0.595059335231781,
  "minEpsilon1000": 0.6041460000000205,
  "maxReward1500": -157.04787683486938,
  "minTSCS1500": 0.595059335231781,
  "minEpsilon1500": 0.5311460000000308,
  "maxReward2000": -156.44756531715393,
  "minTSCS2000": 0.595059335231781,
  "minEpsilon2000": 0.458146000000041,
  "maxReward2500": -151.25629127025604,
  "minTSCS2500": 0.5610321760177612,
  "minEpsilon2500": 0.3851460000000513,
  "maxReward3000": -161.1848424077034,
  "minTSCS3000": 0.5754579305648804,
  "minEpsilon3000": 0.31226285840003254,
  "maxReward3500": -161.1848424077034,
  "minTSCS3500": 0.5754579305648804,
  "minEpsilon3500": 0.23923365840001581
}
