{
  "maxReward500": -166.27965539693832,
  "minTSCS500": 0.6436721086502075,
  "minEpsilon500": 0.6771460000000102,
  "maxReward1000": -163.93905740976334,
  "minTSCS1000": 0.595059335231781,
  "minEpsilon1000": 0.6041460000000205,
  "maxReward1500": -157.04787683486938,
  "minTSCS1500": 0.595059335231781,
  "minEpsilon1500": 0.5311460000000308,
  "maxReward2000": -156.44756531715393,
  "minTSCS2000": 0.595059335231781,
  "minEpsilon2000": 0.458146000000041,
  "maxReward2500": -151.25629127025604,
  "minTSCS2500": 0.5610321760177612,
  "minEpsilon2500": 0.3851460000000513,
  "maxReward3000": -46.33522590994835,
  "minTSCS3000": 0.2777869701385498,
  "minEpsilon3000": 0.6771460000000102,
  "maxReward3500": -46.33522590994835,
  "minTSCS3500": 0.27775707840919495,
  "minEpsilon3500": 0.6041460000000205,
  "maxReward4000": -46.33522590994835,
  "minTSCS4000": 0.27775707840919495,
  "minEpsilon4000": 0.5311460000000308,
  "maxReward4500": -46.33522590994835,
  "minTSCS4500": 0.27775707840919495,
  "minEpsilon4500": 0.458146000000041,
  "maxReward5000": -46.33522590994835,
  "minTSCS5000": 0.27775707840919495,
  "minEpsilon5000": 0.3851460000000513,
  "maxReward5500": -46.33522590994835,
  "minTSCS5500": 0.27775707840919495,
  "minEpsilon5500": 0.31214600000006154,
  "maxReward6000": -46.33522590994835,
  "minTSCS6000": 0.27775707840919495,
  "minEpsilon6000": 0.23914600000006972,
  "maxReward6500": -46.33522590994835,
  "minTSCS6500": 0.27775707840919495,
  "minEpsilon6500": 0.1661460000000661,
  "maxReward7000": -46.33522590994835,
  "minTSCS7000": 0.27775707840919495,
  "minEpsilon7000": 0.09314600000006552,
  "maxReward7500": -46.33522590994835,
  "minTSCS7500": 0.27775707840919495,
  "minEpsilon7500": 0.020146000000066826
}