{
  "maxReward10000": -171.32269728183746,
  "minTSCS10000": 0.6610327959060669,
  "minEpsilon10000": 0.7486860000000002
}