{
  "maxReward2000": -198.65447623780761,
  "minTSCS2000": 2.225513458251953,
  "minEpsilon2000": 0.02,
  "maxReward500": -143.64323489792727,
  "minTSCS500": 2.593421697616577,
  "minEpsilon500": 0.5475
}