{
  "maxReward500": -132.90907846001872,
  "minTSCS500": 1.8123935461044312,
  "minEpsilon500": 0.7135730000000051,
  "maxReward300": -108.92918758952936,
  "minTSCS300": 1.6135177612304688,
  "minEpsilon300": 0.5310781764705192
}