{
  "maxReward500": -132.90907846001872,
  "minTSCS500": 1.8123935461044312,
  "minEpsilon500": 0.7135730000000051,
  "maxReward300": -108.92918758952936,
  "minTSCS300": 1.6135177612304688,
  "minEpsilon300": 0.5310781764705192,
  "maxReward5000": -93.30612178532417,
  "minTSCS5000": 0.8461880087852478,
  "minEpsilon5000": 0.2,
  "maxReward5500": -99.02416526228014,
  "minTSCS5500": 2.0884640216827393,
  "minEpsilon5500": 0.2,
  "maxReward6500": -88.10790164602366,
  "minTSCS6500": 2.018535614013672,
  "minEpsilon6500": 0.3128749999999929,
  "maxReward7000": -121.84912995638011,
  "minTSCS7000": 1.3750367164611816,
  "minEpsilon7000": 0.20060000000000527,
  "maxReward2000": -150.99291509389877,
  "minTSCS2000": 0.5861978530883789,
  "minEpsilon2000": 0.5851099999999183
}