{
  "maxReward2000": -198.65447623780761,
  "minTSCS2000": 2.225513458251953,
  "minEpsilon2000": 0.02,
  "maxReward500": -114.03069230811252,
  "minTSCS500": 2.256941556930542,
  "minEpsilon500": 0.7135
}