{
  "maxReward500": -120.4816571167297,
  "minTSCS500": 2.9745466709136963,
  "minEpsilon500": 0.742773000000001
}