{
  "maxReward2000": -198.65447623780761,
  "minTSCS2000": 2.225513458251953,
  "minEpsilon2000": 0.02
}