{"reward": -30.465248495340347, "initial": 1.3010584115982056, "lowest": 0.22726726531982422, "epsilon": 0.1, "_step": 1556, "_runtime": 5125, "_timestamp": 1605802254}