{"criticLoss": 1.3134581490253824e+18, "valueLoss": 1.546288334844168e+34, "actorLoss": -9.299861796624007e+18, "reward": -509.6261926146103, "lowest": 4.106261926146112, "_step": 187, "_runtime": 1017, "_timestamp": 1605481370}