{"reward": -636.6103668212891, "initial": 3.1270437240600586, "lowest": 3.1270437240600586, "epsilon": 0.9973, "_step": 2, "_runtime": 64, "_timestamp": 1605737045}