{"criticLoss": 0, "actorLoss": 0, "alphaLoss": 0, "reward": -286.7942203008443, "lowest": 1.077611676895316, "_step": 1, "_runtime": 9, "_timestamp": 1605488956}