{"criticLoss": 29.856013134121895, "actorLoss": 893.8037853240967, "alphaLoss": 19.490299582481384, "reward": -210.36555803557548, "lowest": 0.5682398245018727, "_step": 3712, "_runtime": 20354, "_timestamp": 1605559348}