{"criticLoss": 160465780.2421875, "actorLoss": -694591.5087890625, "alphaLoss": -4.696827977895737, "reward": -355.10686094742397, "lowest": 1.8892024315967058, "_step": 292, "_runtime": 1520, "_timestamp": 1605490811}