{"valueLoss": Infinity, "actorLoss": -1.5608526770224392e+22, "criticLoss": 9599884.27734375, "reward": -254.42013962722217, "lowest": 1.5442013962722176, "_step": 824, "_runtime": 4945, "_timestamp": 1605478872}