{"reward": -163.57447981834412, "initial": 1.3453527688980103, "lowest": 0.5419234037399292, "epsilon": 0.18910000000005095, "_step": 1823, "_runtime": 7535, "_timestamp": 1605813657}