{"criticLoss": 4831.7536470890045, "valueLoss": 278.4481761455536, "actorLoss": 6816.372634887695, "reward": -470.7807475138558, "lowest": 2.480740927923213, "_step": 1099, "_runtime": 6199, "_timestamp": 1605488264}