{"criticLoss": 0, "actorLoss": 0, "alpha": 0, "reward": -149.8830301876714, "lowest": 0.9399493909795541, "_step": 1, "_runtime": 8, "_timestamp": 1605572674}