{"criticLoss": 0, "actorLoss": 0, "alpha": 0, "reward": -198.70672492213288, "lowest": 1.440871690836627, "_step": 1, "_runtime": 8, "_timestamp": 1605572929}