{"reward": -36.38334193825722, "initial": 0.42108771204948425, "lowest": 0.22098560631275177, "epsilon": 0.5166999999999936, "_step": 536, "_runtime": 1542, "_timestamp": 1605736920}