{"reward": -293.2530519962311, "initial": 3.1599254608154297, "lowest": 1.3096743822097778, "epsilon": 0.9135099999999668, "_step": 972, "_runtime": 6066, "_timestamp": 1605760939}