{"valueLoss": 1.5326241981024773e+33, "actorLoss": -3.6660955162712474e+17, "criticLoss": 1314.1263937950134, "reward": -325.1741944985061, "lowest": 2.1264878204910644, "_step": 5, "_runtime": 30, "_timestamp": 1605473016}