{"total reward": -238.43319979814345, "lowest": 1.916375080635278, "numIllegalMoves": 100, "_step": 0, "_runtime": 98, "_timestamp": 1604372880}