{"reward": -996.2929062843323, "initial": 10.957192420959473, "lowest": 7.368849277496338, "epsilon": 0.9297999999999991, "_step": 77, "_runtime": 1625, "_timestamp": 1605739211}