{"reward": -54.50979755818844, "initial": 1.0929808616638184, "lowest": 0.2272653579711914, "epsilon": 0.8091999999999975, "_step": 211, "_runtime": 666, "_timestamp": 1605742036}