{"valueLoss": 0, "actorLoss": 0, "criticLoss": 0, "reward": -199.66428165037695, "lowest": 1.575031833021814, "_step": 1, "_runtime": 10, "_timestamp": 1605479246}