{"criticLoss": 794.7263762950897, "valueLoss": 349.7219750881195, "actorLoss": 2512.830593109131, "reward": -428.3193764322819, "lowest": 0.985527247428801, "_step": 47, "_runtime": 259, "_timestamp": 1605482050}