{"reward": -61.5153893828392, "initial": 1.0796599388122559, "lowest": 0.5006071329116821, "epsilon": 0.1449999999999887, "_step": 971, "_runtime": 3804, "_timestamp": 1605806108}