{"criticLoss": 0, "actorLoss": 0, "alpha": 0, "reward": -141.629091975447, "lowest": 0.6579039909208599, "_step": 1, "_runtime": 9, "_timestamp": 1605559672}