{"total reward": -279.71788805907755, "lowest": 3.265895506453318, "numIllegalMoves": 99, "_step": 1, "_runtime": 141, "_timestamp": 1604372728}