{"reward": -150.12175381183624, "initial": 1.6731290817260742, "lowest": 0.8080300092697144, "epsilon": 0.7218999999999963, "_step": 308, "_runtime": 1814, "_timestamp": 1605741090}