{"epsilon": 0.05777850682874811, "lowest": 0.5759664177894592, "score": 74.16000293310775, "_step": 12816, "_runtime": 115786, "_timestamp": 1601586056}