{"reward": -110.88748919963837, "initial": 1.276195764541626, "lowest": 0.7492940425872803, "epsilon": 0.2554000000000367, "_step": 2483, "_runtime": 11793, "_timestamp": 1606202749}