{"reward": -106.00727170705795, "initial": 2.6679701805114746, "lowest": 0.5081909894943237, "epsilon": 0.1, "_step": 3425, "_runtime": 15943, "_timestamp": 1606190893}