{"reward": -26.6277317404747, "initial": 1.3598763942718506, "lowest": 0.22265677154064178, "epsilon": 0.1, "_step": 1078, "_runtime": 3620, "_timestamp": 1605746024}