{"criticLoss": 763.7972991466522, "valueLoss": 372.9159677028656, "actorLoss": 3046.0867233276367, "reward": -180.89517678515563, "lowest": 0.5745661881100576, "_step": 56, "_runtime": 308, "_timestamp": 1605481776}