{"criticLoss": 0, "actorLoss": 0, "alphaLoss": 0, "reward": -169.67875805867254, "lowest": 0.7046091247864384, "_step": 1, "_runtime": 9, "_timestamp": 1605489157}