{"criticLoss": 101.25340193510056, "actorLoss": 1937.2465686798096, "alpha": 0.00024228473898801894, "reward": -168.10819721397328, "lowest": 0.8988769210212184, "_step": 433, "_runtime": 2392, "_timestamp": 1605575608}