{"valueLoss": 93.99340066313744, "actorLoss": 492991025717.0178, "criticLoss": -7367508.886680603, "reward": -289.3976860554087, "lowest": 1.8939768605540905, "_step": 4, "_runtime": 26, "_timestamp": 1605479507}