{"criticLoss": 31.715206183493137, "actorLoss": 1180.847023010254, "alpha": 1.3224409176036716, "reward": -76.42345794549138, "lowest": 0.42365250460442644, "_step": 2282, "_runtime": 12819, "_timestamp": 1605572640}