{"valueLoss": 93.66232651472092, "actorLoss": 35.519766584038734, "criticLoss": -2705.405626296997, "reward": -309.9374341292556, "lowest": 1.34192783210038, "_step": 6, "_runtime": 36, "_timestamp": 1605479100}