{"criticLoss": 43.28772935271263, "actorLoss": -950.8586473464966, "alpha": 91.52134704589844, "reward": -142.08373956793636, "lowest": 0.5499131553459572, "_step": 5, "_runtime": 29, "_timestamp": 1605559805}