{"valueLoss": 27831570.484375, "actorLoss": 2.195479727208402e+34, "criticLoss": -2.1892117785739264e+18, "reward": -331.3600795727631, "lowest": 2.313600795727635, "_step": 146, "_runtime": 815, "_timestamp": 1605480334}