{"valueLoss": Infinity, "actorLoss": -5.123777555730572e+20, "criticLoss": 3741743.734375, "reward": -195.40970263517016, "lowest": 0.9640970263516987, "_step": 123, "_runtime": 676, "_timestamp": 1605473823}