{"criticLoss": 0, "actorLoss": 0, "alpha": 0, "reward": -149.81060432013197, "lowest": 0.7059075748289995, "_step": 1, "_runtime": 9, "_timestamp": 1605572996}