{"criticLoss": 0, "actorLoss": 0, "alphaLoss": 0, "reward": -318.36428050193814, "lowest": 1.4454984888030402, "_step": 1, "_runtime": 9, "_timestamp": 1605488916}