{"reward": -53.44349566102028, "initial": 0.5179601907730103, "lowest": 0.49077415466308594, "epsilon": 0.1, "_step": 7473, "_runtime": 34844, "_timestamp": 1605797039}