{"reward": -206.92892211675644, "initial": 1.126207947731018, "lowest": 0.6848093271255493, "epsilon": 0.8416000000000174, "_step": 529, "_runtime": 2400, "_timestamp": 1606170002}