{"criticLoss": 146.17193865776062, "actorLoss": -282.6287887096405, "alpha": 44.69074833393097, "reward": -181.1857668655556, "lowest": 1.1692064918973673, "_step": 2, "_runtime": 13, "_timestamp": 1605573146}