{"reward": -214.32348692417145, "initial": 2.172497034072876, "lowest": 1.239399790763855, "epsilon": 0.44614000000011267, "_step": 3098, "_runtime": 16620, "_timestamp": 1606167576}