{"reward": -458.81299781799316, "initial": 3.74836802482605, "lowest": 3.025932788848877, "epsilon": 0.1, "_step": 2067, "_runtime": 10415, "_timestamp": 1605833499}