{"criticLoss": 0, "actorLoss": 0, "alphaLoss": 0, "reward": -221.02541235690717, "lowest": 0.47967777116698046, "_step": 1, "_runtime": 9, "_timestamp": 1605488999}