{"episode": 5246, "lowest": 2.333630323410034, "score": -97.99976155960795, "_step": 5246, "_runtime": 41490, "_timestamp": 1601470100}