{"total reward": -245.9225243738301, "lowest": 2.1293383119630946, "numIllegalMoves": 100, "_step": 6, "_runtime": 514, "_timestamp": 1604373433}