{"reward": -79.18723395466805, "initial": 0.7095228433609009, "lowest": 0.499651700258255, "epsilon": 0.1, "_step": 2142, "_runtime": 9107, "_timestamp": 1605822785}